{
  "north": 42.31734,
  "east": -83.04947,
  "south": 42.31140,
  "west": -83.05767
}
