{
  "north": 43.7027580,
  "east": -79.4184950,
  "south": 42.27831858572753,
  "west": -83.08123572458778
}
